{"loss":0.059775379867895405,"_timestamp":1.7436456910161746e+09,"_runtime":2.0491917,"_step":7,"acc":0.8638066654224508,"_wandb":{"runtime":2}}